depth,SK Validation ACC,SK Test ACC,SK Validation MCC,SK Test MCC
1,0.5990338164251208,0.6648936170212766,0.23884986295784022,0.37562652600113
