depth,RF SK Validation ACC,RF SK Test ACC,RF SK Validation MCC,RF SK Test MCC
1,0.6847826086956522,0.7553191489361702,0.37024174752240285,0.5107539184552492
