depth,Validation ACC,Test ACC,Validation MCC,Test MCC
1,0.5990338164251208,0.6648936170212766,0.23884986295784022,0.37562652600113
